<root>
	<params>
		<max_velocity value="200"> </max_velocity>
		<max_acceleration value="200"> </max_acceleration>
		<dest_radius value="50"> </dest_radius>
		<targetPosition x="40" z="30"> </targetPosition>
		
		<max_angular_velocity value="80"> </max_angular_velocity>
		<max_angular_acceleration value="200"> </max_angular_acceleration>
		<angular_arrive_radius value="50"> </angular_arrive_radius>
		<targetRotation value="195"> </targetRotation>

		<look_ahead value="200"></look_ahead>
		<time_ahead value="4"></time_ahead>
		<char_radius value="4"></char_radius>
	</params>
</root>